City_ID,City,Lat,Lng,Max Temp,Humidity,Cloudiness,Wind Speed,Country,Date
0,remire-montjoly,4.9167,-52.2667,28.02,74,75,3.09,GF,1708641268
1,i-n-salah,27.1935,2.4607,14.52,37,0,4.43,DZ,1708641269
2,fort mcmurray,56.7268,-111.381,3.77,52,0,1.54,CA,1708641269
3,puerto natales,-51.7236,-72.4875,6.48,78,45,6.74,CL,1708640978
4,puerto ayora,-0.7393,-90.3518,30.98,93,93,1.34,EC,1708640979
5,anadyr,64.75,177.4833,-13.72,72,40,9.0,RU,1708640979
6,al matariyah,31.1829,32.0311,16.97,70,100,4.95,EG,1708640979
7,plettenberg bay,-34.0527,23.3716,16.78,75,75,1.47,ZA,1708640979
8,hithadhoo,-0.6,73.0833,28.13,77,100,1.56,MV,1708640980
9,invercargill,-46.4,168.35,17.29,49,40,3.22,NZ,1708640955
10,taoudenni,22.6783,-3.9836,19.24,18,0,6.15,ML,1708640980
11,west island,-12.1568,96.8225,27.99,78,40,3.6,CC,1708640980
12,staunton,38.1496,-79.0717,14.05,45,0,7.2,US,1708640980
13,albany,42.6001,-73.9662,5.3,67,100,0.89,US,1708640852
14,stanley,54.868,-1.6985,2.09,84,20,6.69,GB,1708640981
15,kerikeri,-35.2268,173.9474,23.28,79,55,1.46,NZ,1708640899
16,port mathurin,-19.6833,63.4167,27.01,86,94,8.58,MU,1708640981
17,longyearbyen,78.2186,15.6401,-11.09,79,0,6.17,SJ,1708640982
18,horta,38.5333,-28.6333,13.34,75,98,4.47,PT,1708640982
19,margaret river,-33.95,115.0667,13.5,81,64,5.03,AU,1708640982
20,blackmans bay,-43.0167,147.3167,17.07,61,57,5.81,AU,1708640982
21,thompson,55.7435,-97.8558,-19.91,59,20,2.57,CA,1708640983
22,lorengau,-2.0226,147.2712,28.12,79,100,0.9,PG,1708640983
23,la alianza,18.3974,-66.6024,25.01,89,95,4.45,PR,1708640983
24,ribeira brava,32.65,-17.0667,18.35,78,12,1.01,PT,1708640983
25,tazovsky,67.4667,78.7,-21.72,99,74,3.39,RU,1708640984
26,port-aux-francais,-49.35,70.2167,6.33,81,100,13.59,TF,1708640984
27,poxoreo,-15.8372,-54.3892,25.98,80,99,1.46,BR,1708640985
28,fortuna,40.5982,-124.1573,17.97,62,40,4.63,US,1708640985
29,ago-are,8.5,3.4167,30.42,50,98,3.57,NG,1708640985
30,juazeirinho,-6.8167,-38.05,27.18,68,96,1.31,BR,1708640986
31,whitehorse,60.7161,-135.0538,5.43,53,75,6.17,CA,1708640926
32,katsuura,35.1333,140.3,7.21,94,100,9.14,JP,1708640777
33,hikone,35.25,136.25,5.31,76,100,3.41,JP,1708640700
34,smithers,54.7804,-127.1743,3.18,60,20,1.54,CA,1708640986
35,adamstown,-25.066,-130.1015,26.17,78,32,4.54,PN,1708640987
36,mecitozu,40.52,35.2953,-2.73,92,10,0.73,TR,1708640987
37,mil'kovo,55.6078,37.7956,-2.03,95,100,4.73,RU,1708640987
38,labrador city,52.9463,-66.9114,-5.05,96,100,4.12,CA,1708640988
39,ambon,-3.6954,128.1814,24.08,88,40,4.12,ID,1708641144
40,vylkove,45.4021,29.586,6.74,82,100,5.9,UA,1708640988
41,kinna,57.5073,12.6946,6.36,97,100,4.87,SE,1708640988
42,mbandaka,0.0487,18.2603,24.33,83,100,1.95,CD,1708640765
43,yuanping,38.7153,112.7575,-8.61,88,100,0.07,CN,1708640989
44,freetown,8.484,-13.2299,25.93,84,32,4.39,SL,1708640989
45,wailua homesteads,22.0669,-159.378,26.24,66,56,2.24,US,1708640989
46,bardai,11.65,7.2333,24.09,21,100,2.83,NG,1708640990
47,waitangi,-43.9535,-176.5597,17.68,80,94,1.79,NZ,1708640990
48,polyarnyy,69.1989,33.4478,-1.65,86,100,7.47,RU,1708640990
49,grytviken,-54.2811,-36.5092,3.27,88,100,4.1,GS,1708640711
50,lebu,-37.6167,-73.65,15.79,74,16,6.01,CL,1708640991
51,iqaluit,63.7506,-68.5145,-29.06,61,75,1.54,CA,1708640991
52,hermanus,-34.4187,19.2345,16.56,67,4,4.68,ZA,1708640991
53,constantia,44.1833,28.65,5.39,84,97,5.77,RO,1708640991
54,al jawf,29.5,38.75,16.39,40,83,3.33,SA,1708640992
55,bredasdorp,-34.5322,20.0403,16.51,67,8,2.58,ZA,1708640992
56,harstad,68.799,16.5293,0.64,77,52,3.12,NO,1708640992
57,cabedelo,-6.9811,-34.8339,28.37,78,14,4.22,BR,1708640992
58,pekin,39.9075,116.3972,-9.06,50,100,0.62,CN,1708640719
59,ust-nera,64.5667,143.2,-34.41,99,99,1.13,RU,1708640994
60,ilulissat,69.2167,-51.1,-11.99,85,100,2.57,GL,1708640994
61,extrema,-22.8547,-46.3183,20.69,89,43,1.79,BR,1708640994
62,kilindoni,-7.9139,39.6668,28.6,78,96,7.38,TZ,1708640996
63,puerto carreno,6.189,-67.4859,34.99,34,0,4.12,CO,1708640996
64,bethel,41.3712,-73.414,4.64,74,0,3.6,US,1708640996
65,papatowai,-46.5619,169.4708,18.59,49,17,1.74,NZ,1708640997
66,jiayuguan,39.8167,98.3,-12.29,92,83,0.24,CN,1708640938
67,princeville,45.7668,-61.2985,-1.31,95,100,4.12,CA,1708640997
68,ushuaia,-54.8,-68.3,6.79,75,75,9.77,AR,1708640795
69,cao bang,22.6667,106.25,15.97,89,100,1.62,VN,1708640997
70,salekhard,66.53,66.6019,-25.17,100,99,1.89,RU,1708640998
71,petropavlovsk-kamchatsky,53.0452,158.6483,-14.67,86,20,6.71,RU,1708640998
72,kavaratti,10.5669,72.642,27.34,68,23,4.11,IN,1708640998
73,jiazi,22.8779,116.067,17.43,86,100,7.96,CN,1708640999
74,port alfred,-33.5906,26.891,18.99,99,100,4.18,ZA,1708640999
75,college,64.8569,-147.8028,-0.82,70,100,7.2,US,1708640999
76,cidreira,-30.1811,-50.2056,24.63,86,1,5.38,BR,1708640999
77,san-pedro,4.7485,-6.6363,27.55,83,96,4.56,CI,1708641000
78,qaqortoq,60.7167,-46.0333,-13.07,70,5,6.13,GL,1708641000
79,ryotsu-minato,38.0833,138.4333,1.82,76,100,4.13,JP,1708640958
80,bhamo,24.2667,97.2333,16.38,85,16,0.16,MM,1708641001
81,hadibu,12.65,54.0333,24.63,72,13,4.68,YE,1708641004
82,susuman,62.7833,148.1667,-37.23,99,94,0.89,RU,1708641006
83,port saint john's,-31.6229,29.5448,22.08,91,100,1.38,ZA,1708641007
84,san luis de la loma,17.2706,-100.8939,27.85,63,0,4.38,MX,1708641008
85,udachny,66.4167,112.4,-26.92,85,91,1.53,RU,1708641008
86,benguela,-12.5763,13.4055,27.55,77,100,1.68,AO,1708641009
87,isna,25.2934,32.554,19.01,19,99,3.63,EG,1708640766
88,codrington,-38.2667,141.9667,16.92,59,95,7.72,AU,1708641011
89,melfi,40.9965,15.6514,9.31,92,73,3.28,IT,1708641012
90,guangming,45.3333,122.7833,-12.27,59,0,1.37,CN,1708641012
91,montenegro,42.5,19.3,6.7,81,40,0.0,ME,1708641013
92,hotan,37.0997,79.9269,-3.58,75,99,1.88,CN,1708640799
93,poso,-1.3959,120.7524,25.56,77,12,1.88,ID,1708640944
94,balotra,25.8333,72.2333,16.48,21,0,3.49,IN,1708641014
95,borba,-4.3878,-59.5939,27.95,65,37,1.15,BR,1708641014
96,gadzhiyevo,69.2551,33.3362,-1.08,89,100,8.18,RU,1708641015
97,carutapera,-1.195,-46.02,23.53,97,100,1.6,BR,1708641016
98,kaa-khem,51.6833,94.7333,-36.44,94,82,0.98,RU,1708641016
99,tromso,69.6496,18.957,0.01,69,0,3.6,NO,1708640798
100,la'ie,21.6477,-157.9253,27.98,62,82,6.06,US,1708641016
101,tecuci,45.8497,27.4344,7.81,58,99,6.93,RO,1708641017
102,santana,-0.0583,-51.1817,30.1,66,20,5.14,BR,1708641017
103,mogocha,53.7333,119.7667,-27.56,100,18,1.3,RU,1708641018
104,namibe,-15.1961,12.1522,24.18,80,100,3.19,AO,1708641019
105,yellowknife,62.456,-114.3525,-14.77,93,75,4.63,CA,1708640934
106,jamestown,42.097,-79.2353,7.77,97,100,0.45,US,1708641019
107,arar,30.9753,41.0381,12.01,47,0,3.09,SA,1708641020
108,coahuayana de hidalgo,18.7,-103.6583,28.63,58,0,2.69,MX,1708641020
109,vernon,50.2581,-119.2691,10.34,74,100,1.03,CA,1708641021
110,fort bragg,35.139,-79.006,18.23,38,0,6.69,US,1708641021
111,kyshtovka,56.555,76.6271,-25.37,93,99,2.68,RU,1708641022
112,mount gambier,-37.8333,140.7667,15.9,58,100,5.04,AU,1708641022
113,chukhloma,58.7525,42.6825,-7.73,92,98,4.02,RU,1708641023
114,yusufeli,40.8204,41.5443,5.75,96,100,1.85,TR,1708641026
115,taulaga,-11.0553,-171.0883,29.04,75,47,4.85,AS,1708641026
116,utrik,11.2278,169.8474,26.53,85,48,9.38,MH,1708641027
117,port elizabeth,-33.918,25.5701,18.51,93,100,3.6,ZA,1708641015
118,avarua,-21.2078,-159.775,29.03,89,75,3.6,CK,1708641027
119,ta`u,-14.2336,-169.5144,28.69,76,79,5.36,AS,1708641029
120,rio grande,-32.035,-52.0986,26.06,84,9,5.14,BR,1708641029
121,uturoa,-16.7333,-151.4333,28.52,71,88,4.36,PF,1708641029
122,magnitogorsk,53.4186,59.0472,-21.25,70,76,4.0,RU,1708641029
123,new norfolk,-42.7826,147.0587,17.72,64,78,5.15,AU,1708641030
124,afaahiti,-17.75,-149.2833,29.93,78,93,3.6,PF,1708641030
125,haiku-pauwela,20.9219,-156.3051,25.09,65,27,3.58,US,1708641031
126,tsiombe,-25.3,45.4833,23.48,95,6,3.61,MG,1708641031
127,abdulino,53.7,53.6667,-24.05,100,29,0.8,RU,1708641033
128,hilo,19.7297,-155.09,24.49,88,12,1.79,US,1708640994
129,lensk,60.7253,114.9278,-28.83,100,98,1.55,RU,1708641033
130,klyuchi,52.2667,79.1667,-24.59,86,61,2.92,RU,1708641034
131,zaragoza,41.6561,-0.8773,8.25,75,75,6.69,ES,1708640987
132,bikin,46.8161,134.26,-20.15,98,82,1.32,RU,1708641035
133,yulinshi,38.2906,109.7494,-11.18,96,64,0.96,CN,1708641036
134,chimoio,-19.1164,33.4833,21.92,88,0,1.33,MZ,1708641036
135,nchelenge,-9.3451,28.734,22.18,86,100,0.85,ZM,1708641037
136,santona,43.4439,-3.4576,11.71,68,22,8.05,ES,1708641037
137,tiksi,71.6872,128.8694,-26.57,97,85,3.7,RU,1708641038
138,ketchikan,55.3422,-131.6461,6.3,81,100,6.17,US,1708641038
139,lihue,21.9789,-159.3672,26.58,65,54,4.4,US,1708641038
140,agadez,19.75,10.25,19.04,16,0,3.22,NE,1708640755
141,yatou,37.15,122.3833,-4.29,82,100,3.38,CN,1708641039
142,khovd,48.0056,91.6419,-21.2,80,0,1.31,MN,1708640753
143,bel ombre,-4.6167,55.4167,28.91,84,40,4.12,SC,1708641039
144,arraial do cabo,-22.9661,-42.0278,26.92,83,75,7.72,BR,1708641039
145,ipinda,-9.4833,33.9,23.54,92,100,1.35,TZ,1708641040
146,biharamulo,-2.6319,31.3089,17.27,75,99,1.08,TZ,1708641040
147,huarmey,-10.0681,-78.1522,25.73,76,93,2.95,PE,1708641041
148,pathein,16.7833,94.7333,20.3,90,11,2.58,MM,1708641041
149,ancud,-41.8697,-73.8203,14.24,74,31,3.77,CL,1708641042
150,waitara,-38.925,174.25,18.33,74,100,2.25,NZ,1708641042
151,sitka,57.0531,-135.33,5.94,81,100,7.2,US,1708641043
152,coronel dorrego,-38.7187,-61.2873,16.38,87,100,2.65,AR,1708641043
153,mihailesti,44.3267,25.9083,9.34,66,98,1.76,RO,1708641043
154,punta arenas,-53.15,-70.9167,9.06,53,75,10.29,CL,1708640926
155,vanimo,-2.6741,141.3028,26.27,86,99,1.12,PG,1708641044
156,berber,18.0216,33.983,24.03,66,100,7.22,SD,1708641045
157,yamada,39.4667,141.95,-0.69,65,99,1.3,JP,1708641045
158,sao jose da coroa grande,-8.8978,-35.1478,27.54,81,51,3.74,BR,1708641045
159,zakamensk,50.3741,103.2863,-23.75,96,100,1.09,RU,1708641046
160,isafjordur,66.0755,-23.124,-2.42,95,100,15.07,IS,1708641046
161,miranda,3.2499,-76.2281,29.07,74,100,1.05,CO,1708641303
162,papao,-17.75,-149.55,30.82,72,98,2.03,PF,1708641047
163,edinburgh of the seven seas,-37.0676,-12.3116,16.75,78,86,8.07,SH,1708641047
164,julayjilah,25.5,49.6,15.28,54,1,1.71,SA,1708641048
165,arno,60.1167,18.6333,1.55,94,100,6.94,SE,1708641049
166,melfort,52.8667,-104.6177,1.07,60,71,2.57,CA,1708641050
167,hawaiian paradise park,19.5933,-154.9731,24.46,82,10,1.34,US,1708641051
168,dauphin,51.1494,-100.0502,-1.92,74,0,6.69,CA,1708641051
169,majene,-3.5403,118.9707,25.64,86,100,2.06,ID,1708640887
170,dalbandin,28.8947,64.4101,9.61,23,0,1.95,PK,1708641052
171,crane,31.3974,-102.3501,22.63,16,0,7.32,US,1708641052
172,south lake tahoe,38.9332,-119.9844,8.11,49,0,3.09,US,1708641053
173,rongelap,11.1635,166.8941,26.4,84,87,10.77,MH,1708641053
174,bouarfa,32.53,-1.95,11.42,21,37,2.42,MA,1708641054
175,n'zeto,-7.2312,12.8666,27.44,81,100,1.06,AO,1708641054
176,flin flon,54.7682,-101.865,-12.09,52,100,4.12,CA,1708641054
177,upington,-28.4478,21.2561,27.21,14,0,3.42,ZA,1708641012
178,manicore,-5.8092,-61.3003,28.82,61,64,1.13,BR,1708641055
179,marsh harbour,26.5412,-77.0636,21.02,57,42,3.23,BS,1708641055
180,diffa,13.3154,12.6113,23.26,41,93,4.7,NE,1708641055
181,rancho palos verdes,33.7445,-118.387,22.48,73,20,5.66,US,1708641056
182,tahe,52.3333,124.7333,-24.4,97,5,1.83,CN,1708641057
183,bonthe,7.5264,-12.505,26.31,87,79,4.46,SL,1708641057
184,dudinka,69.4058,86.1778,-17.99,94,100,10.73,RU,1708641057
185,bilibino,68.0546,166.4372,-27.19,96,99,0.65,RU,1708641058
186,vanino,49.0869,140.2543,-20.6,77,10,2.15,RU,1708641058
187,crucecita,-28.95,-58.9833,29.36,42,97,3.48,AR,1708641058
188,slobodskoy,58.7322,50.1772,-16.3,98,58,2.48,RU,1708641059
189,vila franca do campo,37.7167,-25.4333,13.23,74,99,2.94,PT,1708641059
190,ashburton,-37.8626,145.0794,20.01,53,76,2.24,AU,1708641060
191,castillos,-34.1667,-53.8333,21.77,84,42,4.55,UY,1708641060
192,valparaiso,-33.0393,-71.6273,23.41,69,75,4.63,CL,1708641062
193,palangkaraya,-2.2,113.8333,23.55,97,38,1.0,ID,1708641020
194,jaito,30.4667,74.8833,7.94,39,0,1.91,IN,1708641063
195,san felipe,10.3399,-68.7425,23.31,73,10,2.89,VE,1708641063
196,kirakira,-10.4544,161.9205,29.92,75,100,3.4,SB,1708641063
197,alofi,-19.0595,-169.9187,25.94,94,75,1.03,NU,1708641064
198,sona,45.4388,10.8255,9.16,93,75,3.6,IT,1708641064
199,atafu village,-8.5421,-172.5159,28.89,77,99,5.66,TK,1708641065
200,rosarito,32.3333,-117.0333,20.78,67,39,5.96,MX,1708641066
201,san julian,21.0167,-102.1667,25.66,12,26,4.45,MX,1708641066
202,namsos,64.4662,11.4957,6.03,65,95,6.69,NO,1708641067
203,puerto ayacucho,5.6639,-67.6236,31.55,33,39,3.28,VE,1708641067
204,bamboo flat,11.7,92.7167,22.05,94,18,1.03,IN,1708641068
205,hailar,49.2,119.7,-33.81,100,42,2.08,CN,1708641068
206,romodanovo,54.4275,45.3296,-16.07,96,77,3.31,RU,1708641069
207,marte,12.3611,13.8246,23.92,54,73,7.17,NG,1708641069
208,alausi,-2.2,-78.8333,11.95,80,93,1.89,EC,1708641069
209,west end,26.6833,-78.9667,22.99,72,21,3.87,BS,1708641069
210,ambalavao,-21.8333,46.9333,19.45,95,90,1.33,MG,1708641070
211,mitu,1.1983,-70.1733,27.61,56,68,1.02,CO,1708641070
212,scarborough,54.2797,-0.4044,3.76,84,82,2.68,GB,1708641071
213,kalmunai,7.4167,81.8167,24.2,84,4,1.43,LK,1708641071
214,glace bay,46.1969,-59.957,-1.23,96,100,5.14,CA,1708641072
215,albu kamal,34.45,40.9186,15.48,45,82,4.33,SY,1708641072
216,tazacorte,28.629,-17.9293,19.54,81,100,6.69,ES,1708641073
217,badger,64.8,-147.5333,-0.86,75,100,7.2,US,1708641074
218,kayyerkan,69.3786,87.7439,-18.17,84,100,7.1,RU,1708640860
219,beihai,21.4833,109.1,17.79,80,100,7.04,CN,1708641074
220,conception bay south,47.4999,-52.9981,-1.42,95,100,6.69,CA,1708641075
221,georgetown,5.4112,100.3354,26.96,83,20,1.54,MY,1708641044
222,la ronge,55.1001,-105.2842,-9.86,73,100,6.69,CA,1708641076
223,general pico,-35.6566,-63.7568,16.34,94,100,5.13,AR,1708641077
224,kazanka,47.8462,32.8218,3.47,92,100,5.46,UA,1708641078
225,fraserburgh,57.6874,-2.0184,2.84,73,23,3.34,GB,1708641078
226,aasiaat,68.7098,-52.8699,-19.49,98,100,2.78,GL,1708641078
227,mount isa,-20.7333,139.5,24.87,83,23,3.09,AU,1708641079
228,east london,-33.0153,27.9116,21.21,90,100,4.57,ZA,1708641079
229,ribeira grande,38.5167,-28.7,13.76,75,85,4.47,PT,1708641080
230,nova vicosa,-17.8919,-39.3719,25.64,91,70,3.75,BR,1708641080
231,neiafu,-18.65,-173.9833,26.38,100,100,1.03,TO,1708641081
232,zouerate,22.7187,-12.4521,19.7,12,0,5.16,MR,1708641081
233,naze,28.3667,129.4833,16.51,84,98,4.28,JP,1708641082
234,fisterra,42.9049,-9.2629,9.3,69,86,12.98,ES,1708641082
235,rada tilly,-45.9333,-67.5333,20.27,22,20,8.75,AR,1708641082
236,illizi,26.4833,8.4667,12.89,33,0,2.74,DZ,1708641083
237,nagqu,31.5,92.0,-9.3,47,100,3.72,CN,1708641084
238,n'dalatando,-9.2978,14.9116,21.52,99,100,1.14,AO,1708641085
239,cabo san lucas,22.8909,-109.9124,27.01,60,20,4.12,MX,1708641085
240,vila velha,-20.3297,-40.2925,25.97,99,100,2.06,BR,1708640880
241,isla vista,34.4133,-119.861,20.99,68,40,3.09,US,1708641086
242,villa gesell,-37.2639,-56.973,23.36,76,100,7.04,AR,1708641008
243,saint-leu,-21.15,55.2833,26.46,88,90,5.67,RE,1708640948
244,mokhsogollokh,61.4681,128.9203,-32.11,100,98,1.71,RU,1708641088
245,zhezqazghan,47.7833,67.7667,-19.01,99,64,3.6,KZ,1708641088
246,usinsk,65.9939,57.5281,-6.62,91,100,9.63,RU,1708641089
247,aromashevo,56.8602,68.6375,-26.77,91,99,2.77,RU,1708641090
248,prado,-17.3411,-39.2208,25.18,94,100,3.69,BR,1708641091
249,melo,-32.3667,-54.1833,25.4,63,47,6.15,UY,1708641092
250,oneonta,42.4529,-75.0638,5.72,79,100,4.01,US,1708641092
251,chonchi,-42.6128,-73.8092,16.56,73,36,2.45,CL,1708641092
252,saipan,15.1355,145.701,26.39,83,75,7.2,MP,1708641092
253,kapuskasing,49.4169,-82.4331,1.05,64,100,3.6,CA,1708641093
254,lompoc,34.6391,-120.4579,19.08,65,0,4.63,US,1708641093
255,st. john's,47.5649,-52.7093,-1.29,95,100,7.2,CA,1708641094
256,carnot,4.9409,15.8665,27.96,30,100,0.65,CF,1708641095
257,khandyga,62.6667,135.6,-45.11,100,81,0.86,RU,1708641095
258,minas de marcona,-15.2119,-75.1103,20.44,82,99,4.37,PE,1708641096
259,port macquarie,-31.4333,152.9167,26.24,62,4,2.48,AU,1708640801
260,kishangarh,26.5667,74.8667,13.23,25,0,2.52,IN,1708641097
261,al burayqah,30.4062,19.5739,16.83,49,6,5.6,LY,1708641098
262,hami,42.8,93.45,-7.75,70,20,0.48,CN,1708641099
263,broome,42.2506,-75.833,3.72,90,100,3.13,US,1708641099
264,abu jibeha,11.4562,31.2285,28.47,19,58,3.93,SD,1708641099
265,tres palos,18.1833,-101.6167,29.86,45,0,3.24,MX,1708641100
266,nishinoomote,30.7333,131.0,15.51,85,100,8.18,JP,1708641041
267,kingston,17.997,-76.7936,26.53,53,20,3.6,JM,1708640883
268,kourou,5.1552,-52.6478,28.03,74,59,4.7,GF,1708641101
269,turkmenbasy,40.0222,52.9552,2.43,87,100,3.09,TM,1708641101
270,inari,68.906,27.0288,0.11,89,99,5.97,FI,1708641102
271,khanty-mansiysk,61.0042,69.0019,-17.72,60,0,3.13,RU,1708640869
272,talnakh,69.4865,88.3972,-18.22,94,100,7.62,RU,1708640860
273,koryazhma,61.3143,47.1691,-7.27,93,99,3.86,RU,1708641102
274,nova sintra,14.8667,-24.7167,20.97,69,94,8.55,CV,1708641103
275,inza,53.8533,46.3586,-18.51,98,74,2.96,RU,1708641103
276,puerto deseado,-47.7503,-65.8938,11.89,70,97,6.26,AR,1708641104
277,margate,51.3813,1.3862,4.5,85,65,5.36,GB,1708641104
278,gislaved,57.3044,13.5408,5.33,86,100,0.89,SE,1708641104
279,billings,45.7833,-108.5007,12.94,34,40,8.75,US,1708641105
280,arquitecto tomas romero pereira,-26.4833,-55.25,26.99,52,100,1.6,PY,1708641105
281,napier,-39.4833,176.9167,21.67,55,96,1.31,NZ,1708641043
282,amboasary,-25.0333,46.3833,23.33,90,4,2.14,MG,1708641106
283,san andres,12.5847,-81.7006,27.01,57,20,5.66,CO,1708641106
284,zaozersk,69.4005,32.4476,-1.73,92,100,7.77,RU,1708641106
285,port douglas,-16.4833,145.4667,27.52,79,91,2.63,AU,1708641107
286,port blair,11.6667,92.75,22.02,94,15,1.03,IN,1708641108
287,charters towers,-20.1,146.2667,24.9,82,97,3.41,AU,1708641082
288,tolanaro,-25.0319,46.9987,25.04,94,20,9.26,MG,1708641108
289,copala,16.65,-98.9833,28.12,58,0,4.53,MX,1708641109
290,okhotsk,59.3833,143.3,-25.07,78,31,7.92,RU,1708641109
291,colonia,50.9333,6.95,9.34,69,20,9.77,DE,1708641110
292,olonkinbyen,70.9221,-8.7187,-0.5,94,99,8.27,SJ,1708641110
293,tosno,59.54,30.8775,1.9,98,100,3.65,RU,1708641111
294,dryden,49.7833,-92.7503,1.16,64,100,4.12,CA,1708641111
295,nikolayevsk-on-amure,53.1406,140.73,-21.69,88,38,2.54,RU,1708641111
296,arkhangel'sk,64.5401,40.5433,-1.94,86,100,4.0,RU,1708641112
297,hammerfest,70.6634,23.6821,-0.75,80,0,2.57,NO,1708641112
298,selfoss,63.9331,-20.9971,-1.09,88,100,3.75,IS,1708641112
299,cartagena del chaira,1.3349,-74.8429,29.5,58,16,1.35,CO,1708641113
300,revda,56.801,59.9303,-19.63,99,99,2.21,RU,1708641113
301,mhamid,29.82,-5.72,17.25,19,13,2.69,MA,1708641114
302,saldanha,-33.0117,17.9442,16.03,78,0,8.22,ZA,1708641114
303,aykhal,66.0,111.5,-24.01,79,93,2.01,RU,1708641115
304,homer,59.6425,-151.5483,2.93,61,40,8.49,US,1708641115
305,vadso,70.0744,29.7487,0.09,86,75,5.66,NO,1708641115
306,sanandaj,35.3144,46.9923,0.01,80,0,0.0,IR,1708641116
307,hafar al-batin,28.4328,45.9708,14.32,51,0,2.57,SA,1708641117
308,paris,48.8534,2.3488,6.73,79,0,6.17,FR,1708640822
309,oranjemund,-28.55,16.4333,15.79,91,0,4.77,NA,1708641117
310,ghat,24.9647,10.1728,12.83,32,6,1.4,LY,1708641118
311,praia da vitoria,38.7333,-27.0667,14.14,67,75,4.33,PT,1708641118
312,nar'yan-mar,67.6713,53.087,-4.94,91,100,7.15,RU,1708641119
313,tidjikja,18.5564,-11.4271,20.72,11,95,7.0,MR,1708641119
314,porto novo,6.4965,2.6036,28.59,79,92,3.33,BJ,1708641120
315,taro,-8.3862,115.28,23.0,93,100,1.01,ID,1708641120
316,nelson,-41.2833,173.2833,19.29,62,53,2.21,NZ,1708641021
317,keflavik,64.0049,-22.5624,0.95,93,100,12.35,IS,1708641121
318,guerrero negro,27.9769,-114.0611,18.45,62,98,6.13,MX,1708641121
319,coquimbo,-29.9533,-71.3436,22.85,60,20,4.63,CL,1708641122
320,el granada,37.5027,-122.4694,19.41,74,0,3.09,US,1708641122
321,genet,9.0667,38.5,14.51,56,98,1.38,ET,1708641122
322,kodiak,57.79,-152.4072,1.73,48,0,8.75,US,1708641123
323,yuzhno-kurilsk,44.0306,145.8556,-7.01,75,60,2.77,RU,1708641123
324,pailon,-17.65,-62.75,29.82,67,84,4.78,BO,1708641123
325,bol,13.4586,14.7147,23.97,56,94,9.02,TD,1708641124
326,pahlgam,34.0333,75.3333,-11.89,68,1,5.66,IN,1708641124
327,bengkulu,-3.8004,102.2655,24.5,89,37,1.37,ID,1708641036
328,luganville,-15.5333,167.1667,30.11,75,99,3.41,VU,1708641125
329,santa elena de uairen,4.6167,-61.1333,25.85,38,61,1.29,VE,1708641126
330,ust'-barguzin,53.45,108.9833,-21.88,93,100,0.85,RU,1708641127
331,lata,40.1629,-8.3327,9.49,83,66,4.0,PT,1708641127
332,north platte,41.1239,-100.7654,13.95,39,40,7.72,US,1708641128
333,lospalos,-8.5186,127.0025,25.72,76,91,1.51,TL,1708641128
334,cova figueira,14.8905,-24.2934,20.89,62,96,7.14,CV,1708641129
335,kapa'a,22.0752,-159.319,26.99,64,58,1.79,US,1708641130
336,caleta de carquin,-11.0925,-77.6267,25.4,76,88,3.6,PE,1708641130
337,lerwick,60.1545,-1.1494,5.0,74,33,5.36,GB,1708641131
338,la sierpe,2.8518,-77.6155,26.36,84,78,1.95,CO,1708641132
339,grande prairie,55.1667,-118.8027,10.1,34,75,7.2,CA,1708641132
340,ocean shores,46.9737,-124.1563,14.05,77,75,1.54,US,1708641133
341,san patricio,28.017,-97.5169,27.87,53,69,2.28,US,1708641134
342,touros,-5.1989,-35.4608,27.18,80,87,3.4,BR,1708641134
343,mar del plata,-38.0023,-57.5575,23.01,91,100,5.66,AR,1708641135
344,karukh,34.4811,62.5863,1.56,43,0,2.72,AF,1708641135
345,amarante,-6.2411,-42.8547,22.44,95,100,1.3,BR,1708641135
346,bikenibeu village,1.3673,173.1241,29.98,84,20,5.66,KI,1708641136
347,watford city,47.8022,-103.2832,8.92,57,0,5.66,US,1708641136
348,zhanga buqtyrma,49.6295,83.5248,-28.13,85,52,0.64,KZ,1708641136
349,ribera,37.4984,13.2642,12.03,77,94,4.05,IT,1708641137
350,calingasta,-31.3308,-69.4078,26.52,34,19,4.44,AR,1708641137
351,punta del este,-34.9667,-54.95,27.06,86,75,5.14,UY,1708641138
352,east tamworth,-31.0894,150.9436,25.77,61,1,1.03,AU,1708641138
353,saskatoon,52.1168,-106.6345,0.99,74,40,5.14,CA,1708640904
354,nemuro,43.3236,145.575,-7.67,58,96,3.78,JP,1708641139
355,siwa oasis,29.2041,25.5195,16.27,49,100,3.58,EG,1708641139
356,tukrah,32.5341,20.5791,14.33,58,43,3.65,LY,1708641140
357,sisimiut,66.9395,-53.6735,-17.76,92,97,3.84,GL,1708641140
358,baoding,38.8511,115.4903,-3.56,87,96,0.7,CN,1708641123
359,kudymkar,59.0173,54.656,-20.0,100,68,2.34,RU,1708641141
360,mahibadhoo,3.7833,72.9667,27.69,74,14,2.57,MV,1708641142
361,gobabis,-22.45,18.9667,23.55,52,93,3.6,NA,1708640850
362,yacuiba,-22.038,-63.6797,30.1,43,73,2.7,BO,1708641142
363,dingzhou,38.5131,114.9956,-5.94,87,99,1.47,CN,1708641143
364,bathsheba,13.2167,-59.5167,27.34,78,20,3.09,BB,1708641144
365,mejit,10.2753,170.8646,26.86,83,93,8.73,MH,1708641144
366,monguno,12.6786,13.6079,23.44,53,90,6.43,NG,1708641144
367,soavinandriana,-19.1667,46.7333,17.1,95,100,1.56,MG,1708641145
368,austin,30.2672,-97.7431,31.19,17,20,5.14,US,1708641146
369,motueka,-41.1333,173.0167,20.79,52,82,1.98,NZ,1708641147
370,sinop,41.7711,34.8709,2.05,84,4,3.25,TR,1708641147
371,fort st. john,56.2499,-120.8529,8.94,29,75,8.23,CA,1708641148
372,launceston,-41.45,147.1667,17.97,59,75,7.2,AU,1708641050
373,conduaga,8.862,117.4893,25.76,74,3,1.31,PH,1708641150
374,ola,59.5833,151.2833,-22.85,84,82,3.69,RU,1708641150
375,kudahuvadhoo,2.6708,72.8944,27.59,79,55,4.3,MV,1708641150
376,urangan,-25.3,152.9,26.6,72,59,0.22,AU,1708641150
377,lakatoro,-16.0999,167.4164,30.1,73,99,3.5,VU,1708641151
378,usogorsk,63.4106,48.6872,-6.85,94,100,4.62,RU,1708641151
379,igrim,63.1906,64.4162,-15.6,98,83,2.27,RU,1708641151
380,alliance,40.9153,-81.1059,8.14,95,100,1.51,US,1708641152
381,novo aripuana,-5.1206,-60.3797,28.16,64,44,1.42,BR,1708641153
382,queenstown,-31.8976,26.8753,16.31,88,99,2.02,ZA,1708641154
383,tarko-sale,64.9225,77.785,-17.03,97,98,3.84,RU,1708641154
384,hamilton,39.1834,-84.5333,12.69,93,100,5.14,US,1708641006
385,holualoa,19.6228,-155.9522,25.86,58,11,0.89,US,1708641155
386,moyynkum,44.2914,72.9469,-1.92,98,100,1.99,KZ,1708641155
387,bubaque,11.2833,-15.8333,26.91,75,27,4.32,GW,1708641156
388,yenagoa,4.9247,6.2642,27.57,76,99,2.37,NG,1708641157
389,mae hong son,19.3003,97.9685,12.08,94,20,0.0,TH,1708641054
390,wronki,52.7105,16.3804,9.56,86,100,6.51,PL,1708641157
391,labuan,5.2767,115.2417,26.2,94,20,0.0,MY,1708641158
392,kamloops,50.6665,-120.3192,8.55,66,75,2.57,CA,1708641158
393,toliara,-23.35,43.6667,26.08,74,1,1.27,MG,1708641159
394,tarauaca,-8.1614,-70.7656,25.07,94,100,0.76,BR,1708641159
395,luderitz,-26.6481,15.1594,16.35,73,3,7.27,NA,1708641024
396,pisco,-13.7,-76.2167,28.03,69,0,6.69,PE,1708641160
397,kharp,66.8014,65.8081,-19.78,98,100,1.17,RU,1708641160
398,mangalia,43.8,28.5833,7.46,86,98,4.74,RO,1708641161
399,meadow lake,34.8014,-106.5436,15.27,24,19,7.44,US,1708641161
400,porto velho,-8.7619,-63.9039,31.03,70,40,1.54,BR,1708641162
401,obo,5.3998,26.4869,27.83,32,87,1.11,CF,1708641162
402,friedland,51.4167,9.9333,10.14,69,100,1.79,DE,1708641163
403,dongyang,29.2678,120.2253,0.03,92,100,1.53,CN,1708640966
404,key largo,25.0865,-80.4473,23.0,62,3,1.76,US,1708641164
405,sorong,-0.8833,131.25,26.82,87,49,5.21,ID,1708641164
406,rudbar,30.15,62.6,10.0,22,0,2.85,AF,1708641164
407,kropyvnytskyi,48.5132,32.2597,3.79,87,100,5.81,UA,1708641165
408,nadym,65.5333,72.5167,-20.27,100,65,3.95,RU,1708641166
409,merizo village,13.2658,144.6691,26.85,90,96,7.58,GU,1708641167
410,tokar,18.4254,37.729,25.21,82,87,8.46,SD,1708641168
411,abalak,58.1286,68.5944,-19.25,90,95,2.27,RU,1708641168
412,gerzat,45.8243,3.144,6.97,61,100,5.66,FR,1708641169
413,yaren,-0.5472,166.916,29.56,75,38,7.96,NR,1708641169
414,brisas de zicatela,15.8369,-97.0419,29.29,74,20,2.57,MX,1708641170
415,zakynthos,37.7914,20.8953,13.13,81,28,5.37,GR,1708641170
416,lala,7.9745,123.7458,25.57,86,53,0.99,PH,1708641170
417,al wakrah,24.85,51.3333,17.05,67,0,4.13,QA,1708641171
418,malango,-2.9627,119.9001,20.86,96,96,0.78,ID,1708641171
419,midvagur,62.0511,-7.1939,1.46,93,40,0.0,FO,1708641172
420,tosontsengel,48.7567,98.2839,-25.24,100,100,0.73,MN,1708641172
421,omutinskiy,56.4745,67.6709,-28.32,92,98,2.27,RU,1708641173
422,kolonia town,6.964,158.206,27.06,89,100,5.14,FM,1708641174
423,kuta,-8.7233,115.1723,26.97,88,20,1.54,ID,1708641174
424,ahtari,62.554,24.0619,0.57,97,100,4.69,FI,1708641174
425,juan de ayolas,-27.4,-56.9,28.85,46,86,2.46,PY,1708641175
426,dunedin,-45.8742,170.5036,18.91,57,16,2.91,NZ,1708641023
427,christchurch,-43.5333,172.6333,20.79,69,75,3.09,NZ,1708640893
428,long beach,33.767,-118.1892,23.51,64,0,5.66,US,1708641176
429,douz,33.4663,9.0203,13.58,42,3,4.96,TN,1708641176
430,chifeng,42.2683,118.9636,-12.12,45,45,0.15,CN,1708641177
431,muang phon-hong,18.4928,102.4172,21.84,63,60,1.48,LA,1708641177
432,cameron park colonia,25.9715,-97.4783,31.12,56,0,6.69,US,1708641178
433,acarau,-2.8856,-40.12,26.18,81,72,2.6,BR,1708641178
434,timmins,48.4669,-81.3331,2.9,52,100,3.09,CA,1708641178
435,akot,21.0964,77.0586,20.37,38,0,2.81,IN,1708641179
436,cloverdale,38.8055,-123.0172,17.43,67,38,1.79,US,1708641180
437,sheridan,44.8333,-106.9173,12.23,34,20,7.2,US,1708641038
438,folkston,30.8305,-82.0098,21.88,40,0,2.49,US,1708641180
439,mahina,-17.5065,-149.489,30.87,66,0,4.12,PF,1708641180
440,feijo,-8.1642,-70.3536,24.39,96,99,0.5,BR,1708641182
441,gwadar,25.1216,62.3254,21.4,48,0,3.54,PK,1708641182
442,pitea,65.3172,21.4794,1.05,98,100,5.98,SE,1708641183
443,ivdel',60.6911,60.4206,-10.54,88,83,2.24,RU,1708641183
444,vallenar,-28.5708,-70.7581,21.99,55,0,2.62,CL,1708641183
445,altay,47.8667,88.1167,-16.74,78,84,3.07,CN,1708641101
446,sao raimundo das mangabeiras,-7.0219,-45.4811,22.19,97,100,0.42,BR,1708641184
447,massawa,15.6097,39.45,25.84,83,49,2.38,ER,1708641185
448,mersing,2.4312,103.8405,26.95,83,40,3.6,MY,1708641021
449,hengchun,22.0042,120.7439,22.4,84,12,8.36,TW,1708640946
450,mana,5.6592,-53.7767,26.58,75,45,5.7,GF,1708641186
451,grand falls-windsor,48.9332,-55.6649,-3.61,87,100,1.26,CA,1708641186
452,kuandian,40.7286,124.7847,-12.05,78,1,1.73,CN,1708641187
453,newman,37.3138,-121.0208,19.6,62,5,1.79,US,1708641188
454,jackson,42.4165,-122.8345,15.95,52,0,2.24,US,1708641188
455,ugoofaaru,5.6667,73.0,27.49,78,38,3.96,MV,1708641189
456,phibun mangsahan,15.2447,105.2291,23.99,56,52,2.58,TH,1708641190
457,vilyuysk,63.7553,121.6247,-31.67,100,100,1.34,RU,1708641190
458,ntoum,0.3833,9.7833,26.87,95,100,1.22,GA,1708641191
459,road town,18.4167,-64.6167,26.05,65,20,6.69,VG,1708641191
460,swakopmund,-22.6833,14.5333,17.47,83,74,0.89,NA,1708641191
461,north shore,-36.8,174.75,24.15,65,98,2.68,NZ,1708641081
462,almenara,-16.1836,-40.6944,23.92,97,100,0.94,BR,1708641192
463,pundong,-7.9522,110.3486,25.48,88,100,1.94,ID,1708641192
464,priargunsk,50.3691,119.1012,-36.5,100,100,0.61,RU,1708641193
465,ringas,27.35,75.5667,11.69,25,0,3.71,IN,1708641193
466,placido de castro,-10.3353,-67.1856,24.23,98,100,0.97,BR,1708641194
467,muisne,0.6,-80.0333,26.44,81,78,2.59,EC,1708641195
468,vorgashor,67.5833,63.95,-12.7,96,100,4.15,RU,1708641195
469,price,39.5994,-110.8107,10.06,42,0,4.63,US,1708641195
470,iskateley,67.6803,53.1512,-4.99,91,100,7.15,RU,1708641196
471,fale old settlement,-9.3852,-171.2468,29.34,75,42,5.51,TK,1708641197
472,dor marunt,44.45,26.9167,8.7,70,96,3.02,RO,1708641198
473,yermentau,51.6214,73.1069,-21.63,90,97,1.76,KZ,1708641198
474,island harbour,50.724,-1.2758,6.66,83,25,2.68,GB,1708641199
475,tura,25.5198,90.2201,17.26,69,96,1.18,IN,1708641199
476,kununurra,-15.7667,128.7333,26.99,94,36,0.0,AU,1708641200
477,la passe,45.5549,-0.8967,8.13,70,45,10.25,FR,1708641200
478,chadan,51.2833,91.5833,-35.5,93,97,0.87,RU,1708641201
479,inirida,3.8653,-67.9239,29.62,46,28,1.37,CO,1708641201
480,enewetak,11.3474,162.3373,26.52,84,97,10.67,MH,1708641201
481,liberty,31.8335,-81.5004,22.14,44,0,4.12,US,1708641202
482,pizarro,4.9533,-77.366,26.59,82,82,3.3,CO,1708641202
483,cayenne,4.9333,-52.3333,28.02,74,75,3.09,GF,1708641203
484,oeiras do para,-2.0031,-49.8544,23.77,96,87,1.77,BR,1708641203
485,nogliki,51.8333,143.1667,-25.37,93,35,3.13,RU,1708641204
486,at taj,24.2049,23.2857,19.08,29,100,3.21,LY,1708641204
487,tianchang,37.9981,114.0156,-6.08,84,98,2.06,CN,1708641205
488,owase,34.0667,136.2,7.87,91,100,2.54,JP,1708641205
489,pitoa,9.3833,13.5333,28.8,16,52,2.57,CM,1708641206
490,artigas,-30.4,-56.4667,27.05,52,100,2.42,UY,1708641206
491,mingora,34.7758,72.3625,4.29,48,7,3.21,PK,1708641206
492,kangaba,11.9333,-8.4167,23.93,10,43,2.54,ML,1708641206
493,zhosaly,45.4878,64.0781,-8.5,75,6,4.19,KZ,1708641207
494,yingchuan,34.1628,113.4639,-6.13,88,43,2.7,CN,1708641207
495,flying fish cove,-10.4217,105.6791,25.82,88,86,2.06,CX,1708641208
496,lubango,-14.9172,13.4925,17.92,100,100,2.57,AO,1708641209
497,bedford,52.1346,-0.4663,4.33,89,45,7.46,GB,1708641210
498,kruisfontein,-34.0033,24.7314,15.65,75,79,1.6,ZA,1708641210
499,alice springs,-23.7,133.8833,25.75,36,14,0.51,AU,1708641065
500,saynshand,44.8824,110.1163,-19.8,78,100,1.92,MN,1708641171
501,plettenberg,51.2167,7.8833,7.19,84,100,9.42,DE,1708641211
502,fort-shevchenko,44.5086,50.263,-1.37,61,76,5.27,KZ,1708641212
503,inarajan village,13.2736,144.7484,27.08,90,100,7.55,GU,1708641213
504,tambacounda,13.7539,-13.7586,30.03,20,0,1.03,SN,1708641213
505,dronero,44.4657,7.3513,9.5,95,100,0.83,IT,1708641213
506,san luis,-33.295,-66.3356,15.88,92,90,7.8,AR,1708641214
507,matoury,4.8483,-52.3317,27.98,74,75,3.09,GF,1708641168
508,tanumah,27.1,44.1333,16.52,44,12,6.35,SA,1708641214
509,marka,1.7159,44.7717,26.7,84,72,7.39,SO,1708641215
510,sydney,-33.8679,151.2073,29.19,66,0,4.63,AU,1708641014
511,antsiranana,-12.2787,49.2917,24.61,93,92,1.81,MG,1708641216
512,yarmouth,41.7057,-70.2286,2.0,80,0,5.66,US,1708641216
513,klaksvik,62.2266,-6.589,1.51,71,18,2.07,FO,1708641216
514,chernyshevskiy,63.0128,112.4714,-33.67,100,100,0.97,RU,1708641217
515,don luan,11.5333,106.9167,21.14,95,11,1.23,VN,1708641217
516,cannonvale,-20.2833,148.7,27.66,69,87,5.35,AU,1708641218
517,kenora,49.8167,-94.4337,3.54,52,75,6.17,CA,1708641218
518,suratgarh,29.3167,73.9,12.12,29,0,2.93,IN,1708641219
519,fengcheng,40.4536,124.0717,-10.96,64,1,2.39,CN,1708641219
520,saint-pierre,-21.3393,55.4781,24.82,94,75,2.06,RE,1708641220
521,piti village,13.4626,144.6933,27.03,87,20,6.17,GU,1708641220
522,mahdia,35.5047,11.0622,12.97,73,1,8.73,TN,1708641221
523,al kharijah,25.4514,30.5464,17.87,26,100,4.6,EG,1708641222
524,thinadhoo,0.5333,72.9333,27.57,80,94,0.62,MV,1708641222
525,dazuocun,24.8862,118.9643,12.6,85,100,12.69,CN,1708641222
526,mugia,43.1041,-9.2179,9.39,71,93,12.13,ES,1708641223
527,canutama,-6.5339,-64.3831,28.66,65,54,1.16,BR,1708641223
528,naranjal,-2.6667,-79.6167,27.49,87,90,1.53,EC,1708641224
529,paita,-5.0892,-81.1144,26.82,76,55,4.75,PE,1708641224
530,dvurechensk,56.5982,61.0953,-15.73,97,28,2.48,RU,1708641225
531,tralee,52.2704,-9.7026,5.76,80,85,10.63,IE,1708641225
532,chengde,40.9725,117.9361,-7.87,33,100,0.82,CN,1708641225
533,zheleznodorozhnyy,55.7503,38.0042,-2.71,95,100,4.02,RU,1708641226
534,yurimaguas,-5.9,-76.0833,29.82,64,98,0.73,PE,1708641226
535,ilha de mocambique,-15.0342,40.7358,25.9,91,100,3.91,MZ,1708641226
536,chibougamau,49.9168,-74.3659,-0.21,93,100,4.63,CA,1708641227
537,chinde,26.8418,88.0763,8.36,70,41,2.0,NP,1708641227
538,egilsstadir,65.2653,-14.3948,-4.05,86,20,3.09,IS,1708641228
539,rodriguez,14.7314,121.1417,26.01,81,20,1.19,PH,1708641228
540,krasnokholmskiy,55.9873,55.0466,-23.76,100,99,1.45,RU,1708641229
541,nouadhibou,20.931,-17.0347,22.99,43,0,4.12,MR,1708641230
542,aktobe,50.2797,57.2072,-28.95,69,20,1.0,KZ,1708641231
543,wenshui,28.4506,106.5267,1.24,88,100,1.01,CN,1708641231
544,awjilah,29.1081,21.2869,15.4,37,48,4.73,LY,1708641231
545,goundam,16.4145,-3.6708,22.09,14,83,6.62,ML,1708641232
546,rikaze,29.25,88.8833,-4.03,41,100,2.84,CN,1708641233
547,calvinia,-31.4707,19.776,16.97,37,1,1.23,ZA,1708641234
548,kailua-kona,19.6406,-155.9956,27.93,58,9,1.34,US,1708641234
549,olinda,-8.0089,-34.8553,28.85,79,40,3.6,BR,1708641235
550,geraldton,-28.7667,114.6,28.23,32,45,7.2,AU,1708641389
551,kashgar,39.4547,75.9797,-3.44,58,20,3.0,CN,1708641236
552,east ballina,-28.8667,153.5833,29.33,69,7,2.83,AU,1708641236
553,shimanovsk,52.0,127.7,-19.28,83,0,2.96,RU,1708641236
554,segorbe,39.8138,-0.4521,16.78,61,82,7.77,ES,1708641237
555,neelankarai,12.9455,80.2575,27.26,89,40,1.54,IN,1708641237
556,orcutt,34.8653,-120.436,18.99,63,20,4.12,US,1708641237
557,aljezur,37.3191,-8.8033,13.44,76,95,7.71,PT,1708641239
558,znamenka,52.4167,41.4311,-7.32,95,99,5.49,RU,1708641239
559,tarija,-21.5355,-64.7296,23.95,57,75,3.6,BO,1708641239
560,britz,52.8873,13.8112,12.75,10,100,7.69,DE,1708641240
561,campbellton,48.0075,-66.6727,-2.75,99,94,0.89,CA,1708641240
562,great falls,47.5002,-111.3008,9.25,46,0,8.75,US,1708641159
563,hasaki,35.7333,140.8333,2.94,93,100,10.07,JP,1708641241
564,shendi,16.6915,33.4341,27.37,44,100,6.74,SD,1708641242
565,novodnistrovsk,48.5849,27.4311,6.13,70,100,5.94,UA,1708641243
566,strathmore,51.0501,-113.3852,10.67,43,99,1.54,CA,1708641243
567,inhambane,-23.865,35.3833,26.61,68,37,4.32,MZ,1708641243
568,pankrushikha,53.8319,80.3406,-24.98,95,74,2.78,RU,1708641244
569,kone,-21.0595,164.8658,30.95,59,21,2.83,NC,1708641244
570,kingaroy,-26.5333,151.8333,27.29,62,30,1.56,AU,1708641245
571,qamdo,31.1667,97.2333,-5.1,38,17,4.89,CN,1708641000
572,tadine,-21.55,167.8833,27.76,70,10,5.86,NC,1708641246
573,sos'va,59.1766,61.8558,-16.64,97,85,1.79,RU,1708641246
574,viedma,-40.8135,-62.9967,20.53,47,100,6.59,AR,1708641246
575,les avirons,-21.2418,55.3394,25.03,94,75,2.06,RE,1708641247
576,karlivka,49.4567,35.1295,2.11,90,100,4.93,UA,1708641247
577,ilheus,-14.7889,-39.0494,26.9,89,40,0.0,BR,1708641248
578,corner brook,48.9667,-57.9484,-1.91,96,100,1.68,CA,1708641248
579,puerto aysen,-45.4,-72.7,10.06,94,96,2.74,CL,1708641249
580,badiyah,22.45,58.8,20.95,57,6,1.41,OM,1708641250
581,tyukhtet,56.5389,89.3011,-26.45,100,98,1.73,RU,1708641251
